{
    "openapi": "3.0.0",
    "info": {
        "title": "API de Filmes",
        "description": "API para gerenciamento de filmes",
        "version": "1.0.0"
    },
    "paths": {
        "/movies": {
            "get": {
                "summary": "Obter todos os filmes",
                "responses": {
                    "200": {
                        "description": "Retorna uma lista de filmes",
                        "content": {
                            "application/json": {
                                "schema": {
                                    "type": "array",
                                    "items": {
                                        "$ref": "#/components/schemas/Movie"
                                    }
                                }
                            }
                        }
                    }
                }
            }
        },
        "/movies/{id}": {
            "put": {
                "summary": "Atualizar um filme existente",
                "parameters": [
                    {
                        "name": "id",
                        "in": "path",
                        "required": true,
                        "description": "ID do filme a ser atualizado",
                        "schema": {
                            "type": "integer"
                        }
                    }
                ],
                "requestBody": {
                    "required": true,
                    "content": {
                        "application/json": {
                            "schema": {
                                "$ref": "#/components/schemas/MovieInput"
                            }
                        }
                    }
                },
                "responses": {
                    "200": {
                        "description": "Filme atualizado com sucesso"
                    },
                    "404": {
                        "description": "Filme não encontrado"
                    },
                    "500": {
                        "description": "Erro interno do servidor"
                    }
                }
            },
            "delete": {
                "tags": ["Movie"],
                "summary": "Remover um filme",
                "parameters": [
                    {
                        "name": "id",
                        "in": "path",
                        "required": true,
                        "description": "ID do filme a ser removido",
                        "schema": {
                            "type": "integer"
                        }
                    }
                ],
                "responses": {
                    "200": {
                        "description": "Filme removido com sucesso"
                    },
                    "404": {
                        "description": "O filme não foi encontrado"
                    },
                    "500": {
                        "description": "Não foi possível remover o filme"
                    }
                }
            }
        },
        "/movies/{genreName}": {
            "get": {
                "tags": ["Movie"],
                "summary": "Atualizar um filme",
                "parameters": [
                    {
                        "name": "genreName",
                        "in": "path",
                        "required": true,
                        "description": "Gênero do filme",
                        "schema": {
                            "type": "string"
                        }
                    }
                ],
                "responses": {
                    "200": {
                        "description": "Retorna uma lista de filmes",
                        "content": {
                            "application/json": {
                                "schema": {
                                    "type": "array",
                                    "items": {
                                        "$ref": "#/components/schemas/Movie"
                                    }
                                }
                            }
                        }
                    },
                    "500": {
                        "description": "Não foi possível remover o filme"
                    }
                }
            }
        }
    },
    "components": {
        "schemas": {
            "Movie": {
                "type": "object",
                "properties": {
                    "id": {
                        "type": "integer",
                        "description": "ID do filme"
                    },
                    "title": {
                        "type": "string",
                        "description": "Título do filme"
                    },
                    "genre": {
                        "type": "string",
                        "description": "Gênero do filme"
                    },
                    "language": {
                        "type": "string",
                        "description": "Idioma do filme"
                    },
                    "oscar_count": {
                        "type": "integer",
                        "description": "Quantidade de Oscars ganhos pelo filme"
                    },
                    "release_date": {
                        "type": "string",
                        "format": "date",
                        "description": "Data de lançamento do filme"
                    }
                }
            }
        },
        "MovieInput": {
            "type": "object",
            "required": [
                "title",
                "genre_id",
                "language_id",
                "oscar_count",
                "release_date"
            ],
            "properties": {
                "title": {
                    "type": "string",
                    "description": "Título do filme"
                },
                "genre_id": {
                    "type": "integer",
                    "description": "ID do gênero do filme"
                },
                "language_id": {
                    "type": "integer",
                    "description": "ID do idioma do filme"
                },
                "oscar_count": {
                    "type": "integer",
                    "description": "Quantidade de Oscars ganhos pelo filme"
                },
                "release_date": {
                    "type": "string",
                    "format": "date",
                    "description": "Data de lançamento do filme"
                }
            }
        }
    }
}
